{
  "project_info": {
    "project_number": "666165166355",
    "project_id": "used-book-exchange",
    "storage_bucket": "used-book-exchange.appspot.com"
  },
  "client": [
    {
      "client_info": {
        "mobilesdk_app_id": "1:666165166355:android:4de70bd385a0b6d3721ae6",
        "android_client_info": {
          "package_name": "com.example.usedbookexchange"
        }
      },
      "oauth_client": [
        {
          "client_id": "666165166355-65fqnd40j2fjulirj1n6gp4pk6j9ibk6.apps.googleusercontent.com",
          "client_type": 3
        }
      ],
      "api_key": [
        {
          "current_key": "AIzaSyCCDA1_4X-caJF0kXDvx5NU5RwFgY2Ksj8"
        }
      ],
      "services": {
        "appinvite_service": {
          "other_platform_oauth_client": [
            {
              "client_id": "666165166355-65fqnd40j2fjulirj1n6gp4pk6j9ibk6.apps.googleusercontent.com",
              "client_type": 3
            }
          ]
        }
      }
    }
  ],
  "configuration_version": "1"
}